Agency Name,Website,Headquarters Location,Services Offered,Notable Cybersecurity Clients,Contact Information,Region
"Content Visit","https://www.contentvisit.com","Europe","Cybersecurity content marketing (strategy, SEO-driven content, digital PR, lead-gen assets)","IBM; SenseOn; Morphisec","Email: contact@contentvisit.com","Europe/Global"
"Codeless","https://codeless.io","Irvine, CA, USA","High-volume content production with strong SEO focus","Monday.com (1000% traffic growth case)","Contact via website","North America"
"Ronin","https://www.deployronin.com","USA (Remote)","Brand-first cybersecurity marketing (bold creative, no whitepapers approach)","Major cybersecurity vendors (extensive experience with top cyber companies)","Contact via website form","North America"
"Bora","https://welcometobora.com","Xaló, Valencia, Spain","Content creation, social media & lead generation for infosec (white papers, blogs, earned media)","Cisco; Tripwire; Thales; Venafi; (ISC)²; Cybereason","Contact via website form","Europe"
"Bluetext","https://www.bluetext.com","Washington, D.C., USA","Full-service digital marketing (branding, web design, SEO, PPC, social, PR)","Intel; Cisco","(202) 469-3600","North America"
"The Rubicon Agency","https://therubiconagency.com","London, UK","Integrated B2B tech marketing (brand strategy, digital campaigns, content marketing, web & sales enablement)","OpenText; Cisco; Symantec; Radware","Email: info@therubiconagency.com","Europe"
"CyberWhyze (Whyze Labs)","https://www.whyzelabs.com","Sacramento, CA, USA","Video-led content & social media marketing for cybersecurity brands","SANS Institute; Castra; MainNerve","Contact via website","North America"
"Beacon Digital (Yes& Beacon)","https://yesandbeacon.com","Beacon, NY, USA","B2B digital marketing (content creation, lead generation, SEO, web design, PR)","Flashpoint; BioCatch; Aon","(800) 310-5343","North America"
"Team Lewis","https://www.teamlewis.com","San Diego, CA, USA (global)","Global marketing & PR (public relations, digital marketing, analytics, creative services)","BlackBerry; CrowdStrike; McAfee","Email: hello@teamlewis.com","Global"
"Top Agency","https://topagency.com","Austin, TX, USA","Data-driven digital marketing (SEO, PPC, content marketing, PR, influencer campaigns)","RedMarlin; Check Point; Lookout","Contact via website","North America"
"Hop Online (Hop AI)","https://hop.online","Sofia, Bulgaria","Performance marketing & growth (PPC, SEO, content marketing, podcast marketing)","SecurityScorecard; Immersive Labs; Coveware","Email: info@hop.online","Europe"
"Everclear Marketing","https://www.everclearmarketing.com","Columbia, MD, USA","Full-service cybersecurity marketing (positioning & messaging, branding, content & lead-gen programs)","Lumifi; SecureWave; Assured","Phone: 301-483-0750","North America"
"Envy (GoEnvy)","https://goenvy.io","Ramat Gan, Israel","Go-to-market strategy, demand generation campaigns & RevOps for B2B tech companies","BrandShield; Nuvei; Wing Security","Contact via website","Middle East"
"Magnetude Consulting","https://www.magnetudeconsulting.com","Needham, MA, USA","Fractional B2B marketing services (lead generation, content marketing, sales enablement, PPC, SEO)","Reveald; Skybox Security; Semaphore","Email: info@magnetudeconsulting.com","North America"
